<?xml version="1.0" encoding="UTF-8"?>
<?mso-application progid="Excel.Sheet"?>
<Workbook
        xmlns:x="urn:schemas-microsoft-com:office:excel"
        xmlns="urn:schemas-microsoft-com:office:spreadsheet"
        xmlns:ss="urn:schemas-microsoft-com:office:spreadsheet"
        xmlns:html="http://www.w3.org/TR/REC-html40">

    <Styles>
        <Style ss:ID="Default" ss:Name="Normal">
            <Alignment ss:Vertical="Bottom"/>
            <Borders/>
            <Font/>
            <Interior/>
            <NumberFormat/>
            <Protection/>
        </Style>
        <Style ss:ID="s27">
            <Font x:Family="Swiss" ss:Color="#0000FF" ss:Bold="1"/>
        </Style>
        <Style ss:ID="s21">
            <NumberFormat ss:Format="yyyy\-mm\-dd"/>
        </Style>
        <Style ss:ID="s22">
            <NumberFormat ss:Format="yyyy\-mm\-dd\ hh:mm:ss"/>
        </Style>
        <Style ss:ID="s23">
            <NumberFormat ss:Format="hh:mm:ss"/>
        </Style>
    </Styles>

    <Worksheet ss:Name="Sheet1">
        <ss:Table>
            <ss:Row>
                {columns}
            </ss:Row>
            {data}
        </ss:Table>
    </Worksheet>
</Workbook>